{"is_source_file": false, "format": "", "description": "", "external_files": [], "external_methods": [], "published": [], "classes": [], "methods": [], "calls": [], "search-terms": [], "state": 2, "file_id": 12, "knowledge_revision": 21, "git_revision": "920d9690dbb7dcde9f079b45786efb1ab224eb18", "hash": "307cbbca00024e56ee33256f8a10ae3c", "format-version": 4, "code-base-name": "resident_directory_frontend", "filename": "README.md", "revision_history": [{"21": "920d9690dbb7dcde9f079b45786efb1ab224eb18"}]}