{"is_source_file": false, "format": "", "description": "", "external_files": [], "external_methods": [], "published": [], "classes": [], "methods": [], "calls": [], "search-terms": [], "state": 2, "file_id": 8, "knowledge_revision": 23, "git_revision": "e9930b0e841758110079b3aee045acc1879485a1", "ctags": [], "hash": "1a77571e1a8cf36018a41bcedf60db75", "format-version": 4, "code-base-name": "resident_directory_frontend", "filename": "resident_directory_frontend/src/setupTests.js", "revision_history": [{"23": "e9930b0e841758110079b3aee045acc1879485a1"}]}