{"is_source_file": false, "format": "", "description": "", "external_files": [], "external_methods": [], "published": [], "classes": [], "methods": [], "calls": [], "search-terms": [], "state": 2, "file_id": 11, "knowledge_revision": 19, "git_revision": "e9930b0e841758110079b3aee045acc1879485a1", "hash": "d001d53c059625c4bcf75bf5a7f3fcf0", "format-version": 4, "code-base-name": "resident_directory_frontend", "filename": "resident_directory_frontend/package.json", "revision_history": [{"19": "e9930b0e841758110079b3aee045acc1879485a1"}]}