{"is_source_file": false, "format": "", "description": "", "external_files": [], "external_methods": [], "published": [], "classes": [], "methods": [], "calls": [], "search-terms": [], "state": 2, "file_id": 1, "knowledge_revision": 14, "git_revision": "e9930b0e841758110079b3aee045acc1879485a1", "hash": "d9d975cebe2ec20b6c652e1e4c12ccf0", "format-version": 4, "code-base-name": "resident_directory_frontend", "filename": "resident_directory_frontend/public/manifest.json", "revision_history": [{"14": "e9930b0e841758110079b3aee045acc1879485a1"}]}