{"is_source_file": false, "format": "", "description": "", "external_files": [], "external_methods": [], "published": [], "classes": [], "methods": [], "calls": [], "search-terms": [], "state": 2, "file_id": 9, "knowledge_revision": 17, "git_revision": "e9930b0e841758110079b3aee045acc1879485a1", "hash": "be6538e7523bc2e9da0743133d784136", "format-version": 4, "code-base-name": "resident_directory_frontend", "filename": "resident_directory_frontend/eslint.config.mjs", "revision_history": [{"17": "e9930b0e841758110079b3aee045acc1879485a1"}]}