{"is_source_file": false, "format": "", "description": "", "external_files": [], "external_methods": [], "published": [], "classes": [], "methods": [], "calls": [], "search-terms": [], "state": 2, "file_id": 10, "knowledge_revision": 20, "git_revision": "e9930b0e841758110079b3aee045acc1879485a1", "hash": "ebece526bc2eadd78ddd787a76c56607", "format-version": 4, "code-base-name": "resident_directory_frontend", "filename": "resident_directory_frontend/README.md", "revision_history": [{"20": "e9930b0e841758110079b3aee045acc1879485a1"}]}