{"is_source_file": false, "format": "", "description": "", "external_files": [], "external_methods": [], "published": [], "classes": [], "methods": [], "calls": [], "search-terms": [], "state": 2, "file_id": 2, "knowledge_revision": 15, "git_revision": "e9930b0e841758110079b3aee045acc1879485a1", "hash": "d2b40d02d5f7873d8a6713bad837edd4", "format-version": 4, "code-base-name": "resident_directory_frontend", "filename": "resident_directory_frontend/public/index.html", "revision_history": [{"15": "e9930b0e841758110079b3aee045acc1879485a1"}]}