{"is_source_file": true, "format": "JavaScript", "description": "This is the entry point for a React application, rendering the main App component into the DOM.", "external_files": ["./App", "./index.css"], "external_methods": ["ReactDOM.createRoot", "ReactDOM.createRoot.render"], "published": [], "classes": [], "methods": [], "calls": ["ReactDOM.createRoot", "ReactDOM.createRoot.render"], "search-terms": ["React", "ReactDOM", "index.js", "entry point", "render", "App component", "DOM", "StrictMode"], "state": 2, "file_id": 4, "knowledge_revision": 22, "git_revision": "e9930b0e841758110079b3aee045acc1879485a1", "ctags": [{"_type": "tag", "name": "root", "path": "/home/kavia/workspace/code-generation/resident-directory-management-system-307744-307755/resident_directory_frontend/src/index.js", "pattern": "/^const root = ReactDOM.createRoot(document.getElementById('root'));$/", "language": "JavaScript", "kind": "constant"}], "hash": "9fc5841375336fc175b49f8767a11383", "format-version": 4, "code-base-name": "resident_directory_frontend", "filename": "resident_directory_frontend/src/index.js", "revision_history": [{"22": "e9930b0e841758110079b3aee045acc1879485a1"}]}