{"is_source_file": false, "format": "", "description": "", "external_files": [], "external_methods": [], "published": [], "classes": [], "methods": [], "calls": [], "search-terms": ["CSS variables", "theme management", "App.css", "dark mode", "light theme", "responsive design", "theme toggle button", "CSS media queries"], "state": 2, "file_id": 5, "knowledge_revision": 16, "git_revision": "e9930b0e841758110079b3aee045acc1879485a1", "hash": "22f9e17cc1848b56dbb244518ac2707e", "format-version": 4, "code-base-name": "resident_directory_frontend", "filename": "resident_directory_frontend/src/App.css", "revision_history": [{"16": "e9930b0e841758110079b3aee045acc1879485a1"}]}