{"is_source_file": false, "format": "", "description": "", "external_files": [], "external_methods": [], "published": [], "classes": [], "methods": [], "calls": [], "search-terms": [], "state": 2, "file_id": 7, "knowledge_revision": 18, "git_revision": "e9930b0e841758110079b3aee045acc1879485a1", "hash": "6c2104b8d219ed99234ae2d6329f4357", "format-version": 4, "code-base-name": "resident_directory_frontend", "filename": "resident_directory_frontend/src/index.css", "revision_history": [{"18": "e9930b0e841758110079b3aee045acc1879485a1"}]}