{"is_source_file": true, "format": "JavaScript (React JSX)", "description": "React component 'App' managing a light/dark theme toggle, with UI elements including a button, logo, and informational text.", "external_files": ["./logo.svg", "./App.css"], "external_methods": [], "published": ["App"], "classes": [], "methods": [{"name": "App()", "description": "React functional component implementing theme toggle UI and logic.", "scope": "", "scopeKind": ""}, {"name": "toggleTheme", "description": "Function to switch between 'light' and 'dark' themes by updating state."}], "calls": ["React.useState", "React.useEffect", "document.documentElement.setAttribute", "setTheme", "prevTheme => prevTheme === 'light' ? 'dark' : 'light'"], "search-terms": ["React component", "theme toggle", "light dark mode", "useState", "useEffect", "App.js"], "state": 2, "file_id": 3, "knowledge_revision": 25, "git_revision": "e9930b0e841758110079b3aee045acc1879485a1", "ctags": [{"_type": "tag", "name": "App", "path": "/home/kavia/workspace/code-generation/resident-directory-management-system-307744-307755/resident_directory_frontend/src/App.js", "pattern": "/^function App() {$/", "language": "JavaScript", "kind": "function", "signature": "()"}, {"_type": "tag", "name": "Switch to ${theme === 'light' ? 'dark' : 'light'} mode", "path": "/home/kavia/workspace/code-generation/resident-directory-management-system-307744-307755/resident_directory_frontend/src/App.js", "pattern": "/^          aria-label={`Switch to ${theme === 'light' ? 'dark' : 'light'} mode`}$/", "language": "JavaScript", "kind": "field", "scope": "App.aria", "scopeKind": "class"}, {"_type": "tag", "name": "toggleTheme", "path": "/home/kavia/workspace/code-generation/resident-directory-management-system-307744-307755/resident_directory_frontend/src/App.js", "pattern": "/^          onClick={toggleTheme}$/", "language": "JavaScript", "kind": "field", "scope": "App.onClick", "scopeKind": "class"}], "hash": "b55dd9e6a018e59207d8e277dffd9e11", "format-version": 4, "code-base-name": "resident_directory_frontend", "filename": "resident_directory_frontend/src/App.js", "fields": [{"name": "aria-label={`Switch to ${theme === 'light' ? 'dark' : 'light'} mode`}", "scope": "App.aria", "scopeKind": "class", "description": "unavailable"}, {"name": "onClick={toggleTheme}", "scope": "App.onClick", "scopeKind": "class", "description": "unavailable"}], "revision_history": [{"25": "e9930b0e841758110079b3aee045acc1879485a1"}]}